{"cameraMode":{"drawMode":0,"name":"Shaded","section":"Shading Mode"},"sceneLighting":false,"audioPlay":false,"sceneViewState":{"m_AlwaysRefresh":false,"showFog":true,"showSkybox":false,"showFlares":true,"showImageEffects":true,"showParticleSystems":true,"showVisualEffectGraphs":true,"m_FxEnabled":false},"in2DMode":false,"pivot":{"x":0.3775572180747986,"y":0.9925059080123901,"z":0.7734367251396179},"rotation":{"x":0.053866833448410037,"y":0.06286650151014328,"z":-0.0033985129557549955,"w":0.996563732624054},"size":0.8576915264129639,"orthographic":false}